{"F1 Macro": 0.02569169960474308, "Accuracy": 0.04100946372239748, "Sample": 317, "F1 Micro": 0.07386363636363637, "F1 Weighted": 0.05351170568561873}