{"Sample": 317, "Accuracy": 0.35646687697160884, "F1 Weighted": 0.5205202622251311, "F1 Macro": 0.18020396952494475, "F1 Micro": 0.5150078988941548}