{"F1 Weighted": 0.4867646960793955, "F1 Micro": 0.5488565488565489, "Accuracy": 0.38485804416403785, "Sample": 317, "F1 Macro": 0.15947669400076628}