{"F1 Weighted": 0.4526882014930049, "Accuracy": 0.3627760252365931, "Sample": 317, "F1 Macro": 0.15239625372173235, "F1 Micro": 0.5202558635394456}