{"Sample": 317, "F1 Micro": 0.49117174959871585, "F1 Macro": 0.1677803528127153, "Accuracy": 0.3501577287066246, "F1 Weighted": 0.493487189167088}