{"Accuracy": 0.1565, "F1 Macro": 0.22107004139298808, "F1 Micro": 0.5929910350448248, "F1 Weighted": 0.5514615744233303, "Sample": 2000}