{"F1 Macro": 0.15361151272668455, "Sample": 317, "F1 Weighted": 0.47424068080202725, "Accuracy": 0.38801261829652994, "F1 Micro": 0.5481171548117155}