{"Accuracy": 0.4493927125506073, "F1 Macro": 0.12289471806103174, "F1 Micro": 0.5973333333333334, "Sample": 494, "F1 Weighted": 0.5367296590584744}