{"F1 Micro": 0.5447619047619047, "F1 Weighted": 0.49935582862972444, "F1 Macro": 0.1764799999700327, "Accuracy": 0.3911671924290221, "Sample": 317}