{"F1 Macro": 0.1825028130473631, "Accuracy": 0.39747634069400634, "F1 Micro": 0.5443037974683543, "Sample": 317, "F1 Weighted": 0.5460573570954104}