{"F1 Macro": 0.15235305958132045, "F1 Micro": 0.5285412262156448, "Accuracy": 0.3659305993690852, "F1 Weighted": 0.4718041858426474, "Sample": 317}