{"F1 Weighted": 0.5451164888909028, "F1 Micro": 0.603231906481004, "Sample": 2000, "F1 Macro": 0.1983378826880401, "Accuracy": 0.1585}