{"Sample": 494, "F1 Micro": 0.6882494004796162, "Accuracy": 0.5708502024291497, "F1 Weighted": 0.6351911365941281, "F1 Macro": 0.21396642321119175}