{"F1 Micro": 0.6833333333333335, "Accuracy": 0.5668016194331984, "F1 Macro": 0.20101212844738844, "F1 Weighted": 0.6323090565910234, "Sample": 494}