{"F1 Macro": 0.02569169960474308, "F1 Micro": 0.07386363636363637, "Accuracy": 0.04100946372239748, "F1 Weighted": 0.05351170568561873, "Sample": 317}