{"Accuracy": 0.38485804416403785, "F1 Weighted": 0.5344897614589335, "Sample": 317, "F1 Macro": 0.15810343464307794, "F1 Micro": 0.5344}