{"Sample": 317, "F1 Weighted": 0.5344897614589335, "F1 Micro": 0.5344, "F1 Macro": 0.15810343464307794, "Accuracy": 0.38485804416403785}