{"F1 Macro": 0.1852612131841301, "Sample": 2000, "Accuracy": 0.1675, "F1 Micro": 0.5976478973627941, "F1 Weighted": 0.5299891604923683}