{"F1 Macro": 0.15545817353245103, "F1 Micro": 0.6216867469879518, "F1 Weighted": 0.5823250261124214, "Accuracy": 0.4797570850202429, "Sample": 494}