{"F1 Macro": 0.17101822363508742, "F1 Weighted": 0.5214428688589282, "Sample": 2000, "F1 Micro": 0.5927311598075895, "Accuracy": 0.157}