{"F1 Macro": 0.15523631170176658, "F1 Weighted": 0.5055382687413607, "Accuracy": 0.1565, "F1 Micro": 0.5849632155033196, "Sample": 2000}