{"F1 Weighted": 0.4514298967503968, "F1 Macro": 0.13983439919320748, "Accuracy": 0.35962145110410093, "Sample": 317, "F1 Micro": 0.5083333333333333}