{"F1 Weighted": 0.521799069008516, "Sample": 2000, "F1 Macro": 0.17203099710301623, "Accuracy": 0.161, "F1 Micro": 0.5923874195854182}