{"Accuracy": 0.4251012145748988, "F1 Weighted": 0.5768103929409328, "Sample": 494, "F1 Macro": 0.14619031710321664, "F1 Micro": 0.5783898305084746}