{"F1 Macro": 0.18626074874881193, "Accuracy": 0.4959514170040486, "F1 Micro": 0.6330472103004292, "Sample": 494, "F1 Weighted": 0.6163427269058119}