{"F1 Weighted": 0.4649680424341232, "Sample": 317, "F1 Macro": 0.15572608874228006, "Accuracy": 0.3722397476340694, "F1 Micro": 0.5338983050847458}