{"F1 Weighted": 0.4691937675621347, "F1 Micro": 0.5316455696202531, "F1 Macro": 0.13622128472456982, "Sample": 317, "Accuracy": 0.3722397476340694}