{"F1 Micro": 0.8892261001517451, "F1 Macro": 0.8106658134232505, "Sample": 317, "F1 Weighted": 0.8870373635345606, "Accuracy": 0.8233438485804416}