{"F1 Weighted": 0.5803801716282915, "F1 Micro": 0.5802337938363443, "Accuracy": 0.4271255060728745, "F1 Macro": 0.15250711961680866, "Sample": 494}