{"Sample": 317, "F1 Macro": 0.18794718383446954, "F1 Micro": 0.5523809523809523, "Accuracy": 0.40063091482649843, "F1 Weighted": 0.5520535848974336}