{"F1 Micro": 0.5969910086352711, "Accuracy": 0.161, "F1 Weighted": 0.5274664843535838, "Sample": 2000, "F1 Macro": 0.17990282169769006}