{"F1 Micro": 0.125, "F1 Macro": 0.03372434017595308, "Sample": 317, "Accuracy": 0.07255520504731862, "F1 Weighted": 0.07024241267417446}