{"Sample": 317, "F1 Weighted": 0.21828623498716682, "F1 Micro": 0.2706766917293233, "F1 Macro": 0.06495009098271853, "Accuracy": 0.17034700315457413}