{"Sample": 317, "Accuracy": 0.41009463722397477, "F1 Weighted": 0.529162248395378, "F1 Macro": 0.18408588297475015, "F1 Micro": 0.56}