{"F1 Weighted": 0.4672908964973834, "Sample": 317, "F1 Micro": 0.5389473684210526, "Accuracy": 0.38170347003154576, "F1 Macro": 0.15763380523293824}