{"F1 Micro": 0.6706443914081146, "F1 Weighted": 0.6198503201166513, "Sample": 494, "Accuracy": 0.5526315789473685, "F1 Macro": 0.19252851186467532}