{"Accuracy": 0.38485804416403785, "F1 Macro": 0.1331614676883219, "Sample": 317, "F1 Micro": 0.546972860125261, "F1 Weighted": 0.4854404055935556}