{"Accuracy": 0.3722397476340694, "F1 Weighted": 0.4763885803479066, "F1 Micro": 0.5347368421052632, "Sample": 317, "F1 Macro": 0.1548864519715522}