{"Accuracy": 0.4817813765182186, "F1 Macro": 0.15570580259551664, "F1 Micro": 0.6231884057971013, "F1 Weighted": 0.583060015765101, "Sample": 494}