{"F1 Micro": 0.6026178010471204, "F1 Macro": 0.20401300541678427, "F1 Weighted": 0.5424432777669594, "Sample": 2000, "Accuracy": 0.169}