{"F1 Micro": 0.6956521739130433, "F1 Macro": 0.1901777912647478, "F1 Weighted": 0.6304975681233226, "Accuracy": 0.5769230769230769, "Sample": 494}