{"F1 Macro": 0.15135394244316383, "F1 Weighted": 0.581643566970285, "Accuracy": 0.5182186234817814, "F1 Micro": 0.6475, "Sample": 494}