{"Sample": 494, "F1 Macro": 0.1617017550467721, "F1 Micro": 0.5972369819341127, "F1 Weighted": 0.5958049332396399, "Accuracy": 0.4574898785425101}