{"Accuracy": 0.04416403785488959, "F1 Micro": 0.08356545961002784, "F1 Macro": 0.027112154150197628, "Sample": 317, "F1 Weighted": 0.06497620272703884}