{"F1 Micro": 0.5369978858350951, "F1 Weighted": 0.46505622318469264, "F1 Macro": 0.15146308445277515, "Accuracy": 0.3785488958990536, "Sample": 317}